{
  "fio version": "fio-3.38",
  "timestamp": 1777472988,
  "timestamp_ms": 1777472988591,
  "time": "Wed Apr 29 14:29:48 2026",
  "jobs": [
    {
      "jobname": "trim_verify",
      "groupid": 0,
      "job_start": 1777472962693,
      "error": 0,
      "eta": 0,
      "elapsed": 26,
      "job options": {
        "name": "trim_verify",
        "filename": "/dev/nvme0n1",
        "rw": "randtrimwrite",
        "trim_percentage": "20",
        "bs": "4k",
        "direct": "1",
        "ioengine": "libaio",
        "iodepth": "16",
        "size": "128M",
        "io_size": "256M",
        "verify": "crc32c",
        "verify_fatal": "1",
        "verify_async": "2",
        "do_verify": "1",
        "randrepeat": "0"
      },
      "read": {
        "io_bytes": 134217728,
        "io_kbytes": 131072,
        "bw_bytes": 21988487,
        "bw": 21473,
        "iops": 5368.283093,
        "runtime": 6104,
        "total_ios": 32768,
        "short_ios": 0,
        "drop_ios": 0,
        "slat_ns": {
          "min": 750,
          "max": 699571,
          "mean": 19057.106598,
          "stddev": 44764.699864,
          "N": 32768
        },
        "clat_ns": {
          "min": 180049,
          "max": 14074170,
          "mean": 2794966.935883,
          "stddev": 282576.338163,
          "N": 32768,
          "percentile": {
            "1.000000": 2310144,
            "5.000000": 2506752,
            "10.000000": 2572288,
            "20.000000": 2670592,
            "30.000000": 2736128,
            "40.000000": 2768896,
            "50.000000": 2801664,
            "60.000000": 2834432,
            "70.000000": 2899968,
            "80.000000": 2932736,
            "90.000000": 2965504,
            "95.000000": 2998272,
            "99.000000": 3096576,
            "99.500000": 3129344,
            "99.900000": 3227648,
            "99.950000": 3588096,
            "99.990000": 13959168
          }
        },
        "lat_ns": {
          "min": 184174,
          "max": 14078503,
          "mean": 2814024.04248,
          "stddev": 284958.57483,
          "N": 32768
        },
        "bw_min": 0,
        "bw_max": 0,
        "bw_agg": 0.0,
        "bw_mean": 0.0,
        "bw_dev": 0.0,
        "bw_samples": 0,
        "iops_min": 0,
        "iops_max": 0,
        "iops_mean": 0.0,
        "iops_stddev": 0.0,
        "iops_samples": 0
      },
      "write": {
        "io_bytes": 134217728,
        "io_kbytes": 131072,
        "bw_bytes": 6897817,
        "bw": 6736,
        "iops": 1684.037414,
        "runtime": 19458,
        "total_ios": 32768,
        "short_ios": 0,
        "drop_ios": 0,
        "slat_ns": {
          "min": 3917,
          "max": 329472,
          "mean": 8320.283539,
          "stddev": 16770.842376,
          "N": 32768
        },
        "clat_ns": {
          "min": 1656319,
          "max": 22783199,
          "mean": 8905798.733551,
          "stddev": 1554139.098308,
          "N": 32768,
          "percentile": {
            "1.000000": 5799936,
            "5.000000": 6520832,
            "10.000000": 6979584,
            "20.000000": 7569408,
            "30.000000": 8028160,
            "40.000000": 8454144,
            "50.000000": 8847360,
            "60.000000": 9240576,
            "70.000000": 9633792,
            "80.000000": 10158080,
            "90.000000": 10944512,
            "95.000000": 11599872,
            "99.000000": 12779520,
            "99.500000": 13303808,
            "99.900000": 14745600,
            "99.950000": 15663104,
            "99.990000": 20840448
          }
        },
        "lat_ns": {
          "min": 1662110,
          "max": 22788950,
          "mean": 8914119.01709,
          "stddev": 1554140.429445,
          "N": 32768
        },
        "bw_min": 6296,
        "bw_max": 7064,
        "bw_agg": 99.745412,
        "bw_mean": 6719.871795,
        "bw_dev": 169.725813,
        "bw_samples": 39,
        "iops_min": 1574,
        "iops_max": 1766,
        "iops_mean": 1679.923077,
        "iops_stddev": 42.411756,
        "iops_samples": 39
      },
      "trim": {
        "io_bytes": 134217728,
        "io_kbytes": 131072,
        "bw_bytes": 6897817,
        "bw": 6736,
        "iops": 1684.037414,
        "runtime": 19458,
        "total_ios": 32768,
        "short_ios": 0,
        "drop_ios": 0,
        "slat_ns": {
          "min": 0,
          "max": 0,
          "mean": 0.0,
          "stddev": 0.0,
          "N": 0
        },
        "clat_ns": {
          "min": 178633,
          "max": 5200300,
          "mean": 583672.630188,
          "stddev": 584133.747954,
          "N": 32768,
          "percentile": {
            "1.000000": 189440,
            "5.000000": 193536,
            "10.000000": 197632,
            "20.000000": 201728,
            "30.000000": 207872,
            "40.000000": 214016,
            "50.000000": 220160,
            "60.000000": 246784,
            "70.000000": 692224,
            "80.000000": 1122304,
            "90.000000": 1499136,
            "95.000000": 1843200,
            "99.000000": 2375680,
            "99.500000": 2473984,
            "99.900000": 2703360,
            "99.950000": 2736128,
            "99.990000": 3325952
          }
        },
        "lat_ns": {
          "min": 178674,
          "max": 5200425,
          "mean": 583740.829163,
          "stddev": 584128.626161,
          "N": 32768
        },
        "bw_min": 6176,
        "bw_max": 7064,
        "bw_agg": 99.745412,
        "bw_mean": 6719.871795,
        "bw_dev": 179.484962,
        "bw_samples": 39,
        "iops_min": 1544,
        "iops_max": 1766,
        "iops_mean": 1679.923077,
        "iops_stddev": 44.843814,
        "iops_samples": 39
      },
      "sync": {
        "total_ios": 0,
        "lat_ns": {
          "min": 0,
          "max": 0,
          "mean": 0.0,
          "stddev": 0.0,
          "N": 0
        }
      },
      "job_runtime": 25561,
      "usr_cpu": 3.446657,
      "sys_cpu": 14.146551,
      "ctx": 65512,
      "majf": 0,
      "minf": 952,
      "iodepth_level": {
        "1": 0.1,
        "2": 0.1,
        "4": 0.1,
        "8": 0.1,
        "16": 99.954224,
        "32": 0.0,
        ">=64": 0.0
      },
      "iodepth_submit": {
        "0": 0.0,
        "4": 100.0,
        "8": 0.0,
        "16": 0.0,
        "32": 0.0,
        "64": 0.0,
        ">=64": 0.0
      },
      "iodepth_complete": {
        "0": 0.0,
        "4": 99.997965,
        "8": 0.0,
        "16": 0.1,
        "32": 0.0,
        "64": 0.0,
        ">=64": 0.0
      },
      "latency_ns": {
        "2": 0.0,
        "4": 0.0,
        "10": 0.0,
        "20": 0.0,
        "50": 0.0,
        "100": 0.0,
        "250": 0.0,
        "500": 0.0,
        "750": 0.0,
        "1000": 0.0
      },
      "latency_us": {
        "2": 0.0,
        "4": 0.0,
        "10": 0.0,
        "20": 0.0,
        "50": 0.0,
        "100": 0.0,
        "250": 20.103963,
        "500": 2.307129,
        "750": 1.261393,
        "1000": 1.497396
      },
      "latency_ms": {
        "2": 6.876628,
        "4": 34.608968,
        "10": 25.62561,
        "20": 7.711792,
        "50": 0.01,
        "100": 0.0,
        "250": 0.0,
        "500": 0.0,
        "750": 0.0,
        "1000": 0.0,
        "2000": 0.0,
        ">=2000": 0.0
      },
      "latency_depth": 16,
      "latency_target": 0,
      "latency_percentile": 100.0,
      "latency_window": 0
    }
  ],
  "disk_util": [
    {
      "name": "nvme0n1",
      "read_ios": 31899,
      "write_ios": 32768,
      "read_sectors": 255192,
      "write_sectors": 262144,
      "read_merges": 0,
      "write_merges": 0,
      "read_ticks": 6662,
      "write_ticks": 53913,
      "in_queue": 79367,
      "util": 85.396962
    }
  ]
}
