{
  "fio version": "fio-3.38",
  "timestamp": 1777473305,
  "timestamp_ms": 1777473305220,
  "time": "Wed Apr 29 14:35:05 2026",
  "jobs": [
    {
      "jobname": "pre_checkin_stress",
      "groupid": 0,
      "job_start": 1777472989289,
      "error": 0,
      "eta": 0,
      "elapsed": 317,
      "job options": {
        "name": "pre_checkin_stress",
        "filename": "/dev/nvme0n1",
        "rw": "randrw",
        "rwmixread": "70",
        "bs": "4k",
        "direct": "1",
        "ioengine": "libaio",
        "iodepth": "64",
        "numjobs": "1",
        "size": "1G",
        "io_size": "8G",
        "verify": "crc32c",
        "verify_fatal": "1",
        "verify_async": "4",
        "do_verify": "1",
        "randrepeat": "0"
      },
      "read": {
        "io_bytes": 7516192768,
        "io_kbytes": 7340032,
        "bw_bytes": 23818056,
        "bw": 23259,
        "iops": 5814.955303,
        "runtime": 315567,
        "total_ios": 1835008,
        "short_ios": 0,
        "drop_ios": 0,
        "slat_ns": {
          "min": 583,
          "max": 2821909,
          "mean": 18587.223734,
          "stddev": 61420.954913,
          "N": 1835008
        },
        "clat_ns": {
          "min": 181633,
          "max": 27590775,
          "mean": 8466457.98517,
          "stddev": 2767986.476697,
          "N": 1835008,
          "percentile": {
            "1.000000": 3653632,
            "5.000000": 4620288,
            "10.000000": 5079040,
            "20.000000": 5865472,
            "30.000000": 6455296,
            "40.000000": 7110656,
            "50.000000": 7831552,
            "60.000000": 9109504,
            "70.000000": 11337728,
            "80.000000": 11599872,
            "90.000000": 11862016,
            "95.000000": 11993088,
            "99.000000": 13434880,
            "99.500000": 14614528,
            "99.900000": 17956864,
            "99.950000": 20054016,
            "99.990000": 25821184
          }
        },
        "lat_ns": {
          "min": 186883,
          "max": 27596025,
          "mean": 8485045.208903,
          "stddev": 2765666.394852,
          "N": 1835008
        },
        "bw_min": 1712,
        "bw_max": 27520,
        "bw_agg": 100.0,
        "bw_mean": 23887.997674,
        "bw_dev": 1880.456346,
        "bw_samples": 430,
        "iops_min": 428,
        "iops_max": 6880,
        "iops_mean": 5971.946512,
        "iops_stddev": 470.125782,
        "iops_samples": 430
      },
      "write": {
        "io_bytes": 2255470592,
        "io_kbytes": 2202608,
        "bw_bytes": 10574567,
        "bw": 10326,
        "iops": 2581.681451,
        "runtime": 213292,
        "total_ios": 550652,
        "short_ios": 0,
        "drop_ios": 0,
        "slat_ns": {
          "min": 1250,
          "max": 2225176,
          "mean": 23269.230272,
          "stddev": 72682.476244,
          "N": 550652
        },
        "clat_ns": {
          "min": 1245510,
          "max": 27153757,
          "mean": 8206853.074929,
          "stddev": 2140864.175598,
          "N": 550652,
          "percentile": {
            "1.000000": 4489216,
            "5.000000": 5406720,
            "10.000000": 5931008,
            "20.000000": 6520832,
            "30.000000": 6979584,
            "40.000000": 7438336,
            "50.000000": 7897088,
            "60.000000": 8355840,
            "70.000000": 8847360,
            "80.000000": 9633792,
            "90.000000": 10944512,
            "95.000000": 12255232,
            "99.000000": 15138816,
            "99.500000": 16449536,
            "99.900000": 19005440,
            "99.950000": 20054016,
            "99.990000": 22675456
          }
        },
        "lat_ns": {
          "min": 1251427,
          "max": 27165299,
          "mean": 8230122.305202,
          "stddev": 2137146.824726,
          "N": 550652
        },
        "bw_min": 688,
        "bw_max": 11168,
        "bw_agg": 99.169867,
        "bw_mean": 10241.651163,
        "bw_dev": 767.709249,
        "bw_samples": 430,
        "iops_min": 172,
        "iops_max": 2792,
        "iops_mean": 2560.344186,
        "iops_stddev": 191.928934,
        "iops_samples": 430
      },
      "trim": {
        "io_bytes": 0,
        "io_kbytes": 0,
        "bw_bytes": 0,
        "bw": 0,
        "iops": 0.0,
        "runtime": 0,
        "total_ios": 0,
        "short_ios": 0,
        "drop_ios": 0,
        "slat_ns": {
          "min": 0,
          "max": 0,
          "mean": 0.0,
          "stddev": 0.0,
          "N": 0
        },
        "clat_ns": {
          "min": 0,
          "max": 0,
          "mean": 0.0,
          "stddev": 0.0,
          "N": 0
        },
        "lat_ns": {
          "min": 0,
          "max": 0,
          "mean": 0.0,
          "stddev": 0.0,
          "N": 0
        },
        "bw_min": 0,
        "bw_max": 0,
        "bw_agg": 0.0,
        "bw_mean": 0.0,
        "bw_dev": 0.0,
        "bw_samples": 0,
        "iops_min": 0,
        "iops_max": 0,
        "iops_mean": 0.0,
        "iops_stddev": 0.0,
        "iops_samples": 0
      },
      "sync": {
        "total_ios": 0,
        "lat_ns": {
          "min": 0,
          "max": 0,
          "mean": 0.0,
          "stddev": 0.0,
          "N": 0
        }
      },
      "job_runtime": 315566,
      "usr_cpu": 4.663367,
      "sys_cpu": 42.506164,
      "ctx": 840764,
      "majf": 0,
      "minf": 15358,
      "iodepth_level": {
        "1": 0.1,
        "2": 0.1,
        "4": 0.1,
        "8": 0.1,
        "16": 0.1,
        "32": 0.1,
        ">=64": 99.963029
      },
      "iodepth_submit": {
        "0": 0.0,
        "4": 100.0,
        "8": 0.0,
        "16": 0.0,
        "32": 0.0,
        "64": 0.0,
        ">=64": 0.0
      },
      "iodepth_complete": {
        "0": 0.0,
        "4": 99.999413,
        "8": 0.0,
        "16": 0.0,
        "32": 0.0,
        "64": 0.1,
        ">=64": 0.0
      },
      "latency_ns": {
        "2": 0.0,
        "4": 0.0,
        "10": 0.0,
        "20": 0.0,
        "50": 0.0,
        "100": 0.0,
        "250": 0.0,
        "500": 0.0,
        "750": 0.0,
        "1000": 0.0
      },
      "latency_us": {
        "2": 0.0,
        "4": 0.0,
        "10": 0.0,
        "20": 0.0,
        "50": 0.0,
        "100": 0.0,
        "250": 0.01,
        "500": 0.01,
        "750": 0.01,
        "1000": 0.01
      },
      "latency_ms": {
        "2": 0.020539,
        "4": 1.619216,
        "10": 66.949607,
        "20": 31.355767,
        "50": 0.050342,
        "100": 0.0,
        "250": 0.0,
        "500": 0.0,
        "750": 0.0,
        "1000": 0.0,
        "2000": 0.0,
        ">=2000": 0.0
      },
      "latency_depth": 64,
      "latency_target": 0,
      "latency_percentile": 100.0,
      "latency_window": 0
    }
  ],
  "disk_util": [
    {
      "name": "nvme0n1",
      "read_ios": 1834326,
      "write_ios": 550652,
      "read_sectors": 14674608,
      "write_sectors": 4405216,
      "read_merges": 0,
      "write_merges": 0,
      "read_ticks": 8909966,
      "write_ticks": 4410514,
      "in_queue": 13320479,
      "util": 82.813357
    }
  ]
}
