{
  "fio version": "fio-3.38",
  "timestamp": 1777472916,
  "timestamp_ms": 1777472916867,
  "time": "Wed Apr 29 14:28:36 2026",
  "jobs": [
    {
      "jobname": "randwrite_verify",
      "groupid": 0,
      "job_start": 1777472851473,
      "error": 0,
      "eta": 0,
      "elapsed": 66,
      "job options": {
        "name": "randwrite_verify",
        "filename": "/dev/nvme0n1",
        "rw": "randwrite",
        "bs": "4k",
        "direct": "1",
        "ioengine": "libaio",
        "iodepth": "16",
        "size": "256M",
        "io_size": "768M",
        "verify": "crc32c",
        "verify_fatal": "1",
        "verify_async": "2",
        "do_verify": "1",
        "randrepeat": "0"
      },
      "read": {
        "io_bytes": 536870912,
        "io_kbytes": 524288,
        "bw_bytes": 22059864,
        "bw": 21542,
        "iops": 5385.709003,
        "runtime": 24337,
        "total_ios": 131072,
        "short_ios": 0,
        "drop_ios": 0,
        "slat_ns": {
          "min": 750,
          "max": 403709,
          "mean": 19523.920052,
          "stddev": 45244.923003,
          "N": 131072
        },
        "clat_ns": {
          "min": 151500,
          "max": 16832499,
          "mean": 2785849.826782,
          "stddev": 256002.459789,
          "N": 131072,
          "percentile": {
            "1.000000": 2342912,
            "5.000000": 2506752,
            "10.000000": 2572288,
            "20.000000": 2670592,
            "30.000000": 2703360,
            "40.000000": 2768896,
            "50.000000": 2801664,
            "60.000000": 2834432,
            "70.000000": 2867200,
            "80.000000": 2899968,
            "90.000000": 2965504,
            "95.000000": 2998272,
            "99.000000": 3096576,
            "99.500000": 3162112,
            "99.900000": 3358720,
            "99.950000": 3588096,
            "99.990000": 16187392
          }
        },
        "lat_ns": {
          "min": 213167,
          "max": 16844124,
          "mean": 2805373.746834,
          "stddev": 258729.562832,
          "N": 131072
        },
        "bw_min": 0,
        "bw_max": 0,
        "bw_agg": 0.0,
        "bw_mean": 0.0,
        "bw_dev": 0.0,
        "bw_samples": 0,
        "iops_min": 0,
        "iops_max": 0,
        "iops_mean": 0.0,
        "iops_stddev": 0.0,
        "iops_samples": 0
      },
      "write": {
        "io_bytes": 536870912,
        "io_kbytes": 524288,
        "bw_bytes": 13180891,
        "bw": 12871,
        "iops": 3217.991211,
        "runtime": 40731,
        "total_ios": 131072,
        "short_ios": 0,
        "drop_ios": 0,
        "slat_ns": {
          "min": 1333,
          "max": 1352166,
          "mean": 14439.622559,
          "stddev": 37825.007305,
          "N": 131072
        },
        "clat_ns": {
          "min": 842750,
          "max": 35669667,
          "mean": 4956630.51165,
          "stddev": 3763752.046036,
          "N": 131072,
          "percentile": {
            "1.000000": 1236992,
            "5.000000": 1482752,
            "10.000000": 1712128,
            "20.000000": 2113536,
            "30.000000": 2506752,
            "40.000000": 3096576,
            "50.000000": 3653632,
            "60.000000": 4489216,
            "70.000000": 5603328,
            "80.000000": 7241728,
            "90.000000": 10027008,
            "95.000000": 12779520,
            "99.000000": 18481152,
            "99.500000": 20578304,
            "99.900000": 25559040,
            "99.950000": 27131904,
            "99.990000": 30015488
          }
        },
        "lat_ns": {
          "min": 1075958,
          "max": 35676583,
          "mean": 4971070.134209,
          "stddev": 3763512.87152,
          "N": 131072
        },
        "bw_min": 904,
        "bw_max": 13320,
        "bw_agg": 98.127995,
        "bw_mean": 12631.253012,
        "bw_dev": 1475.061072,
        "bw_samples": 83,
        "iops_min": 226,
        "iops_max": 3330,
        "iops_mean": 3157.783133,
        "iops_stddev": 368.763559,
        "iops_samples": 83
      },
      "trim": {
        "io_bytes": 0,
        "io_kbytes": 0,
        "bw_bytes": 0,
        "bw": 0,
        "iops": 0.0,
        "runtime": 0,
        "total_ios": 0,
        "short_ios": 0,
        "drop_ios": 0,
        "slat_ns": {
          "min": 0,
          "max": 0,
          "mean": 0.0,
          "stddev": 0.0,
          "N": 0
        },
        "clat_ns": {
          "min": 0,
          "max": 0,
          "mean": 0.0,
          "stddev": 0.0,
          "N": 0
        },
        "lat_ns": {
          "min": 0,
          "max": 0,
          "mean": 0.0,
          "stddev": 0.0,
          "N": 0
        },
        "bw_min": 0,
        "bw_max": 0,
        "bw_agg": 0.0,
        "bw_mean": 0.0,
        "bw_dev": 0.0,
        "bw_samples": 0,
        "iops_min": 0,
        "iops_max": 0,
        "iops_mean": 0.0,
        "iops_stddev": 0.0,
        "iops_samples": 0
      },
      "sync": {
        "total_ios": 0,
        "lat_ns": {
          "min": 0,
          "max": 0,
          "mean": 0.0,
          "stddev": 0.0,
          "N": 0
        }
      },
      "job_runtime": 65067,
      "usr_cpu": 3.583998,
      "sys_cpu": 27.127423,
      "ctx": 223618,
      "majf": 0,
      "minf": 3698,
      "iodepth_level": {
        "1": 0.1,
        "2": 0.1,
        "4": 0.1,
        "8": 0.1,
        "16": 99.977112,
        "32": 0.0,
        ">=64": 0.0
      },
      "iodepth_submit": {
        "0": 0.0,
        "4": 100.0,
        "8": 0.0,
        "16": 0.0,
        "32": 0.0,
        "64": 0.0,
        ">=64": 0.0
      },
      "iodepth_complete": {
        "0": 0.0,
        "4": 99.998474,
        "8": 0.0,
        "16": 0.1,
        "32": 0.0,
        "64": 0.0,
        ">=64": 0.0
      },
      "latency_ns": {
        "2": 0.0,
        "4": 0.0,
        "10": 0.0,
        "20": 0.0,
        "50": 0.0,
        "100": 0.0,
        "250": 0.0,
        "500": 0.0,
        "750": 0.0,
        "1000": 0.0
      },
      "latency_us": {
        "2": 0.0,
        "4": 0.0,
        "10": 0.0,
        "20": 0.0,
        "50": 0.0,
        "100": 0.0,
        "250": 0.01,
        "500": 0.01,
        "750": 0.01,
        "1000": 0.01
      },
      "latency_ms": {
        "2": 8.378983,
        "4": 68.66684,
        "10": 17.868805,
        "20": 4.765701,
        "50": 0.312042,
        "100": 0.0,
        "250": 0.0,
        "500": 0.0,
        "750": 0.0,
        "1000": 0.0,
        "2000": 0.0,
        ">=2000": 0.0
      },
      "latency_depth": 16,
      "latency_target": 0,
      "latency_percentile": 100.0,
      "latency_window": 0
    }
  ],
  "disk_util": [
    {
      "name": "nvme0n1",
      "read_ios": 130136,
      "write_ios": 131072,
      "read_sectors": 1041088,
      "write_sectors": 1048576,
      "read_merges": 0,
      "write_merges": 0,
      "read_ticks": 27386,
      "write_ticks": 646917,
      "in_queue": 674303,
      "util": 81.506343
    }
  ]
}
