{
  "fio version": "fio-3.38",
  "timestamp": 1777472962,
  "timestamp_ms": 1777472962009,
  "time": "Wed Apr 29 14:29:22 2026",
  "jobs": [
    {
      "jobname": "seqwrite_verify",
      "groupid": 0,
      "job_start": 1777472942477,
      "error": 0,
      "eta": 0,
      "elapsed": 20,
      "job options": {
        "name": "seqwrite_verify",
        "filename": "/dev/nvme0n1",
        "rw": "write",
        "bs": "128k",
        "direct": "1",
        "ioengine": "libaio",
        "iodepth": "16",
        "size": "256M",
        "io_size": "512M",
        "verify": "crc32c",
        "verify_fatal": "1",
        "verify_async": "2",
        "do_verify": "1"
      },
      "read": {
        "io_bytes": 268435456,
        "io_kbytes": 262144,
        "bw_bytes": 228650303,
        "bw": 223291,
        "iops": 1744.463373,
        "runtime": 1174,
        "total_ios": 2048,
        "short_ios": 0,
        "drop_ios": 0,
        "slat_ns": {
          "min": 2459,
          "max": 240594,
          "mean": 10614.02002,
          "stddev": 11760.358584,
          "N": 2048
        },
        "clat_ns": {
          "min": 5294096,
          "max": 13581441,
          "mean": 9106806.249512,
          "stddev": 978010.034863,
          "N": 2048,
          "percentile": {
            "1.000000": 6717440,
            "5.000000": 7569408,
            "10.000000": 7962624,
            "20.000000": 8355840,
            "30.000000": 8716288,
            "40.000000": 8847360,
            "50.000000": 8978432,
            "60.000000": 9240576,
            "70.000000": 9502720,
            "80.000000": 9895936,
            "90.000000": 10420224,
            "95.000000": 10682368,
            "99.000000": 11730944,
            "99.500000": 12124160,
            "99.900000": 13041664,
            "99.950000": 13303808,
            "99.990000": 13565952
          }
        },
        "lat_ns": {
          "min": 5303680,
          "max": 13595483,
          "mean": 9117420.269531,
          "stddev": 977907.356483,
          "N": 2048
        },
        "bw_min": 0,
        "bw_max": 0,
        "bw_agg": 0.0,
        "bw_mean": 0.0,
        "bw_dev": 0.0,
        "bw_samples": 0,
        "iops_min": 0,
        "iops_max": 0,
        "iops_mean": 0.0,
        "iops_stddev": 0.0,
        "iops_samples": 0
      },
      "write": {
        "io_bytes": 268435456,
        "io_kbytes": 262144,
        "bw_bytes": 14759743,
        "bw": 14413,
        "iops": 112.607907,
        "runtime": 18187,
        "total_ios": 2048,
        "short_ios": 0,
        "drop_ios": 0,
        "slat_ns": {
          "min": 22710,
          "max": 272178,
          "mean": 32798.116211,
          "stddev": 15633.852928,
          "N": 2048
        },
        "clat_ns": {
          "min": 140881828,
          "max": 153467936,
          "mean": 142044079.702148,
          "stddev": 1337263.60701,
          "N": 2048,
          "percentile": {
            "1.000000": 141557760,
            "5.000000": 141557760,
            "10.000000": 141557760,
            "20.000000": 141557760,
            "30.000000": 141557760,
            "40.000000": 141557760,
            "50.000000": 141557760,
            "60.000000": 141557760,
            "70.000000": 141557760,
            "80.000000": 141557760,
            "90.000000": 141557760,
            "95.000000": 143654912,
            "99.000000": 152043520,
            "99.500000": 152043520,
            "99.900000": 154140672,
            "99.950000": 154140672,
            "99.990000": 154140672
          }
        },
        "lat_ns": {
          "min": 140912579,
          "max": 153496937,
          "mean": 142076877.818359,
          "stddev": 1337010.1076,
          "N": 2048
        },
        "bw_min": 8192,
        "bw_max": 16384,
        "bw_agg": 98.211358,
        "bw_mean": 14156.864865,
        "bw_dev": 2281.697871,
        "bw_samples": 37,
        "iops_min": 64,
        "iops_max": 128,
        "iops_mean": 110.513514,
        "iops_stddev": 17.805464,
        "iops_samples": 37
      },
      "trim": {
        "io_bytes": 0,
        "io_kbytes": 0,
        "bw_bytes": 0,
        "bw": 0,
        "iops": 0.0,
        "runtime": 0,
        "total_ios": 0,
        "short_ios": 0,
        "drop_ios": 0,
        "slat_ns": {
          "min": 0,
          "max": 0,
          "mean": 0.0,
          "stddev": 0.0,
          "N": 0
        },
        "clat_ns": {
          "min": 0,
          "max": 0,
          "mean": 0.0,
          "stddev": 0.0,
          "N": 0
        },
        "lat_ns": {
          "min": 0,
          "max": 0,
          "mean": 0.0,
          "stddev": 0.0,
          "N": 0
        },
        "bw_min": 0,
        "bw_max": 0,
        "bw_agg": 0.0,
        "bw_mean": 0.0,
        "bw_dev": 0.0,
        "bw_samples": 0,
        "iops_min": 0,
        "iops_max": 0,
        "iops_mean": 0.0,
        "iops_stddev": 0.0,
        "iops_samples": 0
      },
      "sync": {
        "total_ios": 0,
        "lat_ns": {
          "min": 0,
          "max": 0,
          "mean": 0.0,
          "stddev": 0.0,
          "N": 0
        }
      },
      "job_runtime": 19359,
      "usr_cpu": 0.41841,
      "sys_cpu": 0.237616,
      "ctx": 4118,
      "majf": 0,
      "minf": 78,
      "iodepth_level": {
        "1": 0.1,
        "2": 0.1,
        "4": 0.195312,
        "8": 0.390625,
        "16": 99.267578,
        "32": 0.0,
        ">=64": 0.0
      },
      "iodepth_submit": {
        "0": 0.0,
        "4": 100.0,
        "8": 0.0,
        "16": 0.0,
        "32": 0.0,
        "64": 0.0,
        ">=64": 0.0
      },
      "iodepth_complete": {
        "0": 0.0,
        "4": 99.950836,
        "8": 0.0,
        "16": 0.1,
        "32": 0.0,
        "64": 0.0,
        ">=64": 0.0
      },
      "latency_ns": {
        "2": 0.0,
        "4": 0.0,
        "10": 0.0,
        "20": 0.0,
        "50": 0.0,
        "100": 0.0,
        "250": 0.0,
        "500": 0.0,
        "750": 0.0,
        "1000": 0.0
      },
      "latency_us": {
        "2": 0.0,
        "4": 0.0,
        "10": 0.0,
        "20": 0.0,
        "50": 0.0,
        "100": 0.0,
        "250": 0.0,
        "500": 0.0,
        "750": 0.0,
        "1000": 0.0
      },
      "latency_ms": {
        "2": 0.0,
        "4": 0.0,
        "10": 41.479492,
        "20": 8.520508,
        "50": 0.0,
        "100": 0.0,
        "250": 50.0,
        "500": 0.0,
        "750": 0.0,
        "1000": 0.0,
        "2000": 0.0,
        ">=2000": 0.0
      },
      "latency_depth": 16,
      "latency_target": 0,
      "latency_percentile": 100.0,
      "latency_window": 0
    }
  ],
  "disk_util": [
    {
      "name": "nvme0n1",
      "read_ios": 1741,
      "write_ios": 2048,
      "read_sectors": 445696,
      "write_sectors": 524288,
      "read_merges": 0,
      "write_merges": 0,
      "read_ticks": 15828,
      "write_ticks": 290327,
      "in_queue": 306155,
      "util": 99.512296
    }
  ]
}
