{
  "fio version": "fio-3.38",
  "timestamp": 1777472941,
  "timestamp_ms": 1777472941795,
  "time": "Wed Apr 29 14:29:01 2026",
  "jobs": [
    {
      "jobname": "randrw_verify",
      "groupid": 0,
      "job_start": 1777472917646,
      "error": 0,
      "eta": 0,
      "elapsed": 25,
      "job options": {
        "name": "randrw_verify",
        "filename": "/dev/nvme0n1",
        "rw": "randrw",
        "rwmixread": "70",
        "bs": "4k",
        "direct": "1",
        "ioengine": "libaio",
        "iodepth": "16",
        "size": "256M",
        "io_size": "512M",
        "verify": "crc32c",
        "verify_fatal": "1",
        "verify_async": "2",
        "do_verify": "1",
        "randrepeat": "0"
      },
      "read": {
        "io_bytes": 536870912,
        "io_kbytes": 524288,
        "bw_bytes": 22360304,
        "bw": 21836,
        "iops": 5459.058726,
        "runtime": 24010,
        "total_ios": 131072,
        "short_ios": 0,
        "drop_ios": 0,
        "slat_ns": {
          "min": 583,
          "max": 994541,
          "mean": 15324.957344,
          "stddev": 52280.125647,
          "N": 131072
        },
        "clat_ns": {
          "min": 10459,
          "max": 15328430,
          "mean": 2031926.908112,
          "stddev": 1350866.94281,
          "N": 131072,
          "percentile": {
            "1.000000": 238592,
            "5.000000": 370688,
            "10.000000": 460800,
            "20.000000": 716800,
            "30.000000": 1122304,
            "40.000000": 1482752,
            "50.000000": 2007040,
            "60.000000": 2605056,
            "70.000000": 2768896,
            "80.000000": 2867200,
            "90.000000": 3096576,
            "95.000000": 4112384,
            "99.000000": 6717440,
            "99.500000": 7766016,
            "99.900000": 10420224,
            "99.950000": 11468800,
            "99.990000": 13434880
          }
        },
        "lat_ns": {
          "min": 165465,
          "max": 15329388,
          "mean": 2047251.865456,
          "stddev": 1350075.148678,
          "N": 131072
        },
        "bw_min": 1240,
        "bw_max": 23240,
        "bw_agg": 95.826962,
        "bw_mean": 20925.857143,
        "bw_dev": 3914.990242,
        "bw_samples": 35,
        "iops_min": 310,
        "iops_max": 5810,
        "iops_mean": 5231.428571,
        "iops_stddev": 978.738422,
        "iops_samples": 35
      },
      "write": {
        "io_bytes": 161677312,
        "io_kbytes": 157888,
        "bw_bytes": 9681855,
        "bw": 9454,
        "iops": 2363.734355,
        "runtime": 16699,
        "total_ios": 39472,
        "short_ios": 0,
        "drop_ios": 0,
        "slat_ns": {
          "min": 1292,
          "max": 879120,
          "mean": 15819.177873,
          "stddev": 55881.648507,
          "N": 39472
        },
        "clat_ns": {
          "min": 567732,
          "max": 16617276,
          "mean": 2749924.910544,
          "stddev": 1526486.361781,
          "N": 39472,
          "percentile": {
            "1.000000": 1138688,
            "5.000000": 1302528,
            "10.000000": 1417216,
            "20.000000": 1597440,
            "30.000000": 1761280,
            "40.000000": 2023424,
            "50.000000": 2342912,
            "60.000000": 2637824,
            "70.000000": 2998272,
            "80.000000": 3620864,
            "90.000000": 4685824,
            "95.000000": 5799936,
            "99.000000": 8355840,
            "99.500000": 9502720,
            "99.900000": 11730944,
            "99.950000": 12386304,
            "99.990000": 15138816
          }
        },
        "lat_ns": {
          "min": 1094254,
          "max": 16623651,
          "mean": 2765744.088417,
          "stddev": 1524662.476065,
          "N": 39472
        },
        "bw_min": 536,
        "bw_max": 9768,
        "bw_agg": 95.368171,
        "bw_mean": 9017.142857,
        "bw_dev": 1695.438502,
        "bw_samples": 35,
        "iops_min": 134,
        "iops_max": 2442,
        "iops_mean": 2254.257143,
        "iops_stddev": 423.850441,
        "iops_samples": 35
      },
      "trim": {
        "io_bytes": 0,
        "io_kbytes": 0,
        "bw_bytes": 0,
        "bw": 0,
        "iops": 0.0,
        "runtime": 0,
        "total_ios": 0,
        "short_ios": 0,
        "drop_ios": 0,
        "slat_ns": {
          "min": 0,
          "max": 0,
          "mean": 0.0,
          "stddev": 0.0,
          "N": 0
        },
        "clat_ns": {
          "min": 0,
          "max": 0,
          "mean": 0.0,
          "stddev": 0.0,
          "N": 0
        },
        "lat_ns": {
          "min": 0,
          "max": 0,
          "mean": 0.0,
          "stddev": 0.0,
          "N": 0
        },
        "bw_min": 0,
        "bw_max": 0,
        "bw_agg": 0.0,
        "bw_mean": 0.0,
        "bw_dev": 0.0,
        "bw_samples": 0,
        "iops_min": 0,
        "iops_max": 0,
        "iops_mean": 0.0,
        "iops_stddev": 0.0,
        "iops_samples": 0
      },
      "sync": {
        "total_ios": 0,
        "lat_ns": {
          "min": 0,
          "max": 0,
          "mean": 0.0,
          "stddev": 0.0,
          "N": 0
        }
      },
      "job_runtime": 24009,
      "usr_cpu": 4.78154,
      "sys_cpu": 35.665792,
      "ctx": 72352,
      "majf": 0,
      "minf": 1133,
      "iodepth_level": {
        "1": 0.1,
        "2": 0.1,
        "4": 0.1,
        "8": 0.1,
        "16": 99.964818,
        "32": 0.0,
        ">=64": 0.0
      },
      "iodepth_submit": {
        "0": 0.0,
        "4": 100.0,
        "8": 0.0,
        "16": 0.0,
        "32": 0.0,
        "64": 0.0,
        ">=64": 0.0
      },
      "iodepth_complete": {
        "0": 0.0,
        "4": 99.997654,
        "8": 0.0,
        "16": 0.1,
        "32": 0.0,
        "64": 0.0,
        ">=64": 0.0
      },
      "latency_ns": {
        "2": 0.0,
        "4": 0.0,
        "10": 0.0,
        "20": 0.0,
        "50": 0.0,
        "100": 0.0,
        "250": 0.0,
        "500": 0.0,
        "750": 0.0,
        "1000": 0.0
      },
      "latency_us": {
        "2": 0.0,
        "4": 0.0,
        "10": 0.0,
        "20": 0.044563,
        "50": 0.104372,
        "100": 0.011141,
        "250": 0.709494,
        "500": 8.214302,
        "750": 6.954803,
        "1000": 4.974083
      },
      "latency_ms": {
        "2": 26.450066,
        "4": 44.825382,
        "10": 7.519467,
        "20": 0.192326,
        "50": 0.0,
        "100": 0.0,
        "250": 0.0,
        "500": 0.0,
        "750": 0.0,
        "1000": 0.0,
        "2000": 0.0,
        ">=2000": 0.0
      },
      "latency_depth": 16,
      "latency_target": 0,
      "latency_percentile": 100.0,
      "latency_window": 0
    }
  ],
  "disk_util": [
    {
      "name": "nvme0n1",
      "read_ios": 130480,
      "write_ios": 39472,
      "read_sectors": 1043840,
      "write_sectors": 315776,
      "read_merges": 0,
      "write_merges": 0,
      "read_ticks": 153561,
      "write_ticks": 103611,
      "in_queue": 257171,
      "util": 84.24389
    }
  ]
}
