{
  "fio version": "fio-3.38",
  "timestamp": 1778208116,
  "timestamp_ms": 1778208116724,
  "time": "Fri May  8 02:41:56 2026",
  "jobs": [
    {
      "jobname": "randwrite_verify",
      "groupid": 0,
      "job_start": 1778208052560,
      "error": 0,
      "eta": 0,
      "elapsed": 65,
      "job options": {
        "name": "randwrite_verify",
        "filename": "/dev/nvme0n1",
        "rw": "randwrite",
        "bs": "4k",
        "direct": "1",
        "ioengine": "libaio",
        "iodepth": "16",
        "size": "256M",
        "io_size": "768M",
        "verify": "crc32c",
        "verify_fatal": "1",
        "verify_async": "2",
        "do_verify": "1",
        "randrepeat": "0"
      },
      "read": {
        "io_bytes": 536870912,
        "io_kbytes": 524288,
        "bw_bytes": 22754552,
        "bw": 22221,
        "iops": 5555.310672,
        "runtime": 23594,
        "total_ios": 131072,
        "short_ios": 0,
        "drop_ios": 0,
        "slat_ns": {
          "min": 750,
          "max": 418768,
          "mean": 19704.908325,
          "stddev": 44752.546764,
          "N": 131072
        },
        "clat_ns": {
          "min": 174215,
          "max": 6823159,
          "mean": 2700746.779549,
          "stddev": 176078.589577,
          "N": 131072,
          "percentile": {
            "1.000000": 2277376,
            "5.000000": 2408448,
            "10.000000": 2473984,
            "20.000000": 2572288,
            "30.000000": 2637824,
            "40.000000": 2670592,
            "50.000000": 2703360,
            "60.000000": 2736128,
            "70.000000": 2801664,
            "80.000000": 2834432,
            "90.000000": 2899968,
            "95.000000": 2932736,
            "99.000000": 3063808,
            "99.500000": 3162112,
            "99.900000": 3522560,
            "99.950000": 3719168,
            "99.990000": 6062080
          }
        },
        "lat_ns": {
          "min": 178174,
          "max": 6828785,
          "mean": 2720451.687874,
          "stddev": 180315.545318,
          "N": 131072
        },
        "bw_min": 0,
        "bw_max": 0,
        "bw_agg": 0.0,
        "bw_mean": 0.0,
        "bw_dev": 0.0,
        "bw_samples": 0,
        "iops_min": 0,
        "iops_max": 0,
        "iops_mean": 0.0,
        "iops_stddev": 0.0,
        "iops_samples": 0
      },
      "write": {
        "io_bytes": 536870912,
        "io_kbytes": 524288,
        "bw_bytes": 13269833,
        "bw": 12958,
        "iops": 3239.705373,
        "runtime": 40458,
        "total_ios": 131072,
        "short_ios": 0,
        "drop_ios": 0,
        "slat_ns": {
          "min": 1292,
          "max": 439894,
          "mean": 11927.536736,
          "stddev": 32494.242159,
          "N": 131072
        },
        "clat_ns": {
          "min": 896704,
          "max": 35261177,
          "mean": 4925818.482178,
          "stddev": 3759439.842618,
          "N": 131072,
          "percentile": {
            "1.000000": 1220608,
            "5.000000": 1482752,
            "10.000000": 1679360,
            "20.000000": 2072576,
            "30.000000": 2473984,
            "40.000000": 3063808,
            "50.000000": 3588096,
            "60.000000": 4423680,
            "70.000000": 5537792,
            "80.000000": 7241728,
            "90.000000": 10158080,
            "95.000000": 12910592,
            "99.000000": 18219008,
            "99.500000": 20316160,
            "99.900000": 24510464,
            "99.950000": 26083328,
            "99.990000": 28704768
          }
        },
        "lat_ns": {
          "min": 1070836,
          "max": 35267677,
          "mean": 4937746.018913,
          "stddev": 3759381.839023,
          "N": 131072
        },
        "bw_min": 632,
        "bw_max": 13504,
        "bw_agg": 97.478001,
        "bw_mean": 12632.807229,
        "bw_dev": 1807.947195,
        "bw_samples": 83,
        "iops_min": 158,
        "iops_max": 3376,
        "iops_mean": 3158.192771,
        "iops_stddev": 451.985254,
        "iops_samples": 83
      },
      "trim": {
        "io_bytes": 0,
        "io_kbytes": 0,
        "bw_bytes": 0,
        "bw": 0,
        "iops": 0.0,
        "runtime": 0,
        "total_ios": 0,
        "short_ios": 0,
        "drop_ios": 0,
        "slat_ns": {
          "min": 0,
          "max": 0,
          "mean": 0.0,
          "stddev": 0.0,
          "N": 0
        },
        "clat_ns": {
          "min": 0,
          "max": 0,
          "mean": 0.0,
          "stddev": 0.0,
          "N": 0
        },
        "lat_ns": {
          "min": 0,
          "max": 0,
          "mean": 0.0,
          "stddev": 0.0,
          "N": 0
        },
        "bw_min": 0,
        "bw_max": 0,
        "bw_agg": 0.0,
        "bw_mean": 0.0,
        "bw_dev": 0.0,
        "bw_samples": 0,
        "iops_min": 0,
        "iops_max": 0,
        "iops_mean": 0.0,
        "iops_stddev": 0.0,
        "iops_samples": 0
      },
      "sync": {
        "total_ios": 0,
        "lat_ns": {
          "min": 0,
          "max": 0,
          "mean": 0.0,
          "stddev": 0.0,
          "N": 0
        }
      },
      "job_runtime": 64050,
      "usr_cpu": 3.317721,
      "sys_cpu": 26.087432,
      "ctx": 225666,
      "majf": 0,
      "minf": 3689,
      "iodepth_level": {
        "1": 0.1,
        "2": 0.1,
        "4": 0.1,
        "8": 0.1,
        "16": 99.977112,
        "32": 0.0,
        ">=64": 0.0
      },
      "iodepth_submit": {
        "0": 0.0,
        "4": 100.0,
        "8": 0.0,
        "16": 0.0,
        "32": 0.0,
        "64": 0.0,
        ">=64": 0.0
      },
      "iodepth_complete": {
        "0": 0.0,
        "4": 99.998474,
        "8": 0.0,
        "16": 0.1,
        "32": 0.0,
        "64": 0.0,
        ">=64": 0.0
      },
      "latency_ns": {
        "2": 0.0,
        "4": 0.0,
        "10": 0.0,
        "20": 0.0,
        "50": 0.0,
        "100": 0.0,
        "250": 0.0,
        "500": 0.0,
        "750": 0.0,
        "1000": 0.0
      },
      "latency_us": {
        "2": 0.0,
        "4": 0.0,
        "10": 0.0,
        "20": 0.0,
        "50": 0.0,
        "100": 0.0,
        "250": 0.01,
        "500": 0.01,
        "750": 0.01,
        "1000": 0.01
      },
      "latency_ms": {
        "2": 8.782578,
        "4": 68.519592,
        "10": 17.577362,
        "20": 4.827881,
        "50": 0.283051,
        "100": 0.0,
        "250": 0.0,
        "500": 0.0,
        "750": 0.0,
        "1000": 0.0,
        "2000": 0.0,
        ">=2000": 0.0
      },
      "latency_depth": 16,
      "latency_target": 0,
      "latency_percentile": 100.0,
      "latency_window": 0
    }
  ],
  "disk_util": [
    {
      "name": "nvme0n1",
      "read_ios": 130337,
      "write_ios": 131072,
      "read_sectors": 1042696,
      "write_sectors": 1048576,
      "read_merges": 0,
      "write_merges": 0,
      "read_ticks": 27034,
      "write_ticks": 643064,
      "in_queue": 670098,
      "util": 82.231185
    }
  ]
}
