{
  "fio version": "fio-3.38",
  "timestamp": 1778208499,
  "timestamp_ms": 1778208499020,
  "time": "Fri May  8 02:48:19 2026",
  "jobs": [
    {
      "jobname": "pre_checkin_stress",
      "groupid": 0,
      "job_start": 1778208187566,
      "error": 0,
      "eta": 0,
      "elapsed": 312,
      "job options": {
        "name": "pre_checkin_stress",
        "filename": "/dev/nvme0n1",
        "rw": "randrw",
        "rwmixread": "70",
        "bs": "4k",
        "direct": "1",
        "ioengine": "libaio",
        "iodepth": "64",
        "numjobs": "1",
        "size": "1G",
        "io_size": "8G",
        "verify": "crc32c",
        "verify_fatal": "1",
        "verify_async": "4",
        "do_verify": "1",
        "randrepeat": "0"
      },
      "read": {
        "io_bytes": 7516192768,
        "io_kbytes": 7340032,
        "bw_bytes": 24152600,
        "bw": 23586,
        "iops": 5896.631062,
        "runtime": 311196,
        "total_ios": 1835008,
        "short_ios": 0,
        "drop_ios": 0,
        "slat_ns": {
          "min": 583,
          "max": 3311222,
          "mean": 17592.02966,
          "stddev": 57965.444194,
          "N": 1835008
        },
        "clat_ns": {
          "min": 166632,
          "max": 28710904,
          "mean": 8330908.400997,
          "stddev": 2623785.825781,
          "N": 1835008,
          "percentile": {
            "1.000000": 3653632,
            "5.000000": 4554752,
            "10.000000": 5079040,
            "20.000000": 5799936,
            "30.000000": 6389760,
            "40.000000": 7045120,
            "50.000000": 7831552,
            "60.000000": 8978432,
            "70.000000": 10944512,
            "80.000000": 11337728,
            "90.000000": 11468800,
            "95.000000": 11730944,
            "99.000000": 13303808,
            "99.500000": 14352384,
            "99.900000": 17170432,
            "99.950000": 18219008,
            "99.990000": 21102592
          }
        },
        "lat_ns": {
          "min": 170549,
          "max": 28859369,
          "mean": 8348500.430657,
          "stddev": 2622499.088342,
          "N": 1835008
        },
        "bw_min": 1168,
        "bw_max": 27308,
        "bw_agg": 100.0,
        "bw_mean": 23841.136891,
        "bw_dev": 2666.253054,
        "bw_samples": 431,
        "iops_min": 292,
        "iops_max": 6827,
        "iops_mean": 5960.204176,
        "iops_stddev": 666.573425,
        "iops_samples": 431
      },
      "write": {
        "io_bytes": 2254983168,
        "io_kbytes": 2202132,
        "bw_bytes": 10620031,
        "bw": 10371,
        "iops": 2592.78115,
        "runtime": 212333,
        "total_ios": 550533,
        "short_ios": 0,
        "drop_ios": 0,
        "slat_ns": {
          "min": 1292,
          "max": 2219843,
          "mean": 21238.51012,
          "stddev": 67574.561354,
          "N": 550533
        },
        "clat_ns": {
          "min": 1306888,
          "max": 29931038,
          "mean": 8165239.725639,
          "stddev": 2110278.594036,
          "N": 550533,
          "percentile": {
            "1.000000": 4489216,
            "5.000000": 5406720,
            "10.000000": 5865472,
            "20.000000": 6520832,
            "30.000000": 6979584,
            "40.000000": 7372800,
            "50.000000": 7831552,
            "60.000000": 8290304,
            "70.000000": 8847360,
            "80.000000": 9633792,
            "90.000000": 10813440,
            "95.000000": 12124160,
            "99.000000": 15007744,
            "99.500000": 16187392,
            "99.900000": 18743296,
            "99.950000": 20054016,
            "99.990000": 22413312
          }
        },
        "lat_ns": {
          "min": 1308430,
          "max": 29936705,
          "mean": 8186478.235759,
          "stddev": 2106722.291239,
          "N": 550533
        },
        "bw_min": 544,
        "bw_max": 11225,
        "bw_agg": 98.523554,
        "bw_mean": 10218.401392,
        "bw_dev": 1108.324274,
        "bw_samples": 431,
        "iops_min": 136,
        "iops_max": 2806,
        "iops_mean": 2554.542923,
        "iops_stddev": 277.096243,
        "iops_samples": 431
      },
      "trim": {
        "io_bytes": 0,
        "io_kbytes": 0,
        "bw_bytes": 0,
        "bw": 0,
        "iops": 0.0,
        "runtime": 0,
        "total_ios": 0,
        "short_ios": 0,
        "drop_ios": 0,
        "slat_ns": {
          "min": 0,
          "max": 0,
          "mean": 0.0,
          "stddev": 0.0,
          "N": 0
        },
        "clat_ns": {
          "min": 0,
          "max": 0,
          "mean": 0.0,
          "stddev": 0.0,
          "N": 0
        },
        "lat_ns": {
          "min": 0,
          "max": 0,
          "mean": 0.0,
          "stddev": 0.0,
          "N": 0
        },
        "bw_min": 0,
        "bw_max": 0,
        "bw_agg": 0.0,
        "bw_mean": 0.0,
        "bw_dev": 0.0,
        "bw_samples": 0,
        "iops_min": 0,
        "iops_max": 0,
        "iops_mean": 0.0,
        "iops_stddev": 0.0,
        "iops_samples": 0
      },
      "sync": {
        "total_ios": 0,
        "lat_ns": {
          "min": 0,
          "max": 0,
          "mean": 0.0,
          "stddev": 0.0,
          "N": 0
        }
      },
      "job_runtime": 311195,
      "usr_cpu": 4.812417,
      "sys_cpu": 40.810424,
      "ctx": 848246,
      "majf": 0,
      "minf": 15353,
      "iodepth_level": {
        "1": 0.1,
        "2": 0.1,
        "4": 0.1,
        "8": 0.1,
        "16": 0.1,
        "32": 0.1,
        ">=64": 99.963027
      },
      "iodepth_submit": {
        "0": 0.0,
        "4": 100.0,
        "8": 0.0,
        "16": 0.0,
        "32": 0.0,
        "64": 0.0,
        ">=64": 0.0
      },
      "iodepth_complete": {
        "0": 0.0,
        "4": 99.999413,
        "8": 0.0,
        "16": 0.0,
        "32": 0.0,
        "64": 0.1,
        ">=64": 0.0
      },
      "latency_ns": {
        "2": 0.0,
        "4": 0.0,
        "10": 0.0,
        "20": 0.0,
        "50": 0.0,
        "100": 0.0,
        "250": 0.0,
        "500": 0.0,
        "750": 0.0,
        "1000": 0.0
      },
      "latency_us": {
        "2": 0.0,
        "4": 0.0,
        "10": 0.0,
        "20": 0.0,
        "50": 0.0,
        "100": 0.0,
        "250": 0.01,
        "500": 0.01,
        "750": 0.01,
        "1000": 0.01
      },
      "latency_ms": {
        "2": 0.016432,
        "4": 1.654048,
        "10": 67.146949,
        "20": 31.152975,
        "50": 0.025026,
        "100": 0.0,
        "250": 0.0,
        "500": 0.0,
        "750": 0.0,
        "1000": 0.0,
        "2000": 0.0,
        ">=2000": 0.0
      },
      "latency_depth": 64,
      "latency_target": 0,
      "latency_percentile": 100.0,
      "latency_window": 0
    }
  ],
  "disk_util": [
    {
      "name": "nvme0n1",
      "read_ios": 1833729,
      "write_ios": 550533,
      "read_sectors": 14669832,
      "write_sectors": 4404264,
      "read_merges": 0,
      "write_merges": 0,
      "read_ticks": 8887167,
      "write_ticks": 4391690,
      "in_queue": 13278856,
      "util": 83.900132
    }
  ]
}
