{
  "fio version": "fio-3.38",
  "timestamp": 1778208187,
  "timestamp_ms": 1778208187011,
  "time": "Fri May  8 02:43:07 2026",
  "jobs": [
    {
      "jobname": "trim_verify",
      "groupid": 0,
      "job_start": 1778208161862,
      "error": 0,
      "eta": 0,
      "elapsed": 26,
      "job options": {
        "name": "trim_verify",
        "filename": "/dev/nvme0n1",
        "rw": "randtrimwrite",
        "trim_percentage": "20",
        "bs": "4k",
        "direct": "1",
        "ioengine": "libaio",
        "iodepth": "16",
        "size": "128M",
        "io_size": "256M",
        "verify": "crc32c",
        "verify_fatal": "1",
        "verify_async": "2",
        "do_verify": "1",
        "randrepeat": "0"
      },
      "read": {
        "io_bytes": 134217728,
        "io_kbytes": 131072,
        "bw_bytes": 22768062,
        "bw": 22234,
        "iops": 5558.608991,
        "runtime": 5895,
        "total_ios": 32768,
        "short_ios": 0,
        "drop_ios": 0,
        "slat_ns": {
          "min": 791,
          "max": 383766,
          "mean": 19654.35553,
          "stddev": 44222.66898,
          "N": 32768
        },
        "clat_ns": {
          "min": 193633,
          "max": 3277137,
          "mean": 2699194.910217,
          "stddev": 159438.753052,
          "N": 32768,
          "percentile": {
            "1.000000": 2277376,
            "5.000000": 2408448,
            "10.000000": 2506752,
            "20.000000": 2572288,
            "30.000000": 2637824,
            "40.000000": 2670592,
            "50.000000": 2703360,
            "60.000000": 2768896,
            "70.000000": 2801664,
            "80.000000": 2834432,
            "90.000000": 2867200,
            "95.000000": 2899968,
            "99.000000": 2998272,
            "99.500000": 3031040,
            "99.900000": 3096576,
            "99.950000": 3162112,
            "99.990000": 3227648
          }
        },
        "lat_ns": {
          "min": 197800,
          "max": 3287512,
          "mean": 2718849.265747,
          "stddev": 163525.747153,
          "N": 32768
        },
        "bw_min": 0,
        "bw_max": 0,
        "bw_agg": 0.0,
        "bw_mean": 0.0,
        "bw_dev": 0.0,
        "bw_samples": 0,
        "iops_min": 0,
        "iops_max": 0,
        "iops_mean": 0.0,
        "iops_stddev": 0.0,
        "iops_samples": 0
      },
      "write": {
        "io_bytes": 134217728,
        "io_kbytes": 131072,
        "bw_bytes": 7027106,
        "bw": 6862,
        "iops": 1715.602094,
        "runtime": 19100,
        "total_ios": 32768,
        "short_ios": 0,
        "drop_ios": 0,
        "slat_ns": {
          "min": 4208,
          "max": 318097,
          "mean": 7963.91803,
          "stddev": 15915.232741,
          "N": 32768
        },
        "clat_ns": {
          "min": 1743239,
          "max": 15353598,
          "mean": 8741354.633667,
          "stddev": 1485677.456444,
          "N": 32768,
          "percentile": {
            "1.000000": 5734400,
            "5.000000": 6455296,
            "10.000000": 6914048,
            "20.000000": 7438336,
            "30.000000": 7897088,
            "40.000000": 8290304,
            "50.000000": 8585216,
            "60.000000": 8978432,
            "70.000000": 9502720,
            "80.000000": 9895936,
            "90.000000": 10682368,
            "95.000000": 11337728,
            "99.000000": 12648448,
            "99.500000": 13041664,
            "99.900000": 13959168,
            "99.950000": 14221312,
            "99.990000": 15007744
          }
        },
        "lat_ns": {
          "min": 1908079,
          "max": 15359598,
          "mean": 8749318.551697,
          "stddev": 1485825.148523,
          "N": 32768
        },
        "bw_min": 1400,
        "bw_max": 7144,
        "bw_agg": 97.924807,
        "bw_mean": 6720.564103,
        "bw_dev": 888.65421,
        "bw_samples": 39,
        "iops_min": 350,
        "iops_max": 1786,
        "iops_mean": 1680.128205,
        "iops_stddev": 222.160229,
        "iops_samples": 39
      },
      "trim": {
        "io_bytes": 134217728,
        "io_kbytes": 131072,
        "bw_bytes": 7027106,
        "bw": 6862,
        "iops": 1715.602094,
        "runtime": 19100,
        "total_ios": 32768,
        "short_ios": 0,
        "drop_ios": 0,
        "slat_ns": {
          "min": 0,
          "max": 0,
          "mean": 0.0,
          "stddev": 0.0,
          "N": 0
        },
        "clat_ns": {
          "min": 175715,
          "max": 2625776,
          "mean": 573185.406097,
          "stddev": 570045.407092,
          "N": 32768,
          "percentile": {
            "1.000000": 189440,
            "5.000000": 193536,
            "10.000000": 195584,
            "20.000000": 197632,
            "30.000000": 203776,
            "40.000000": 207872,
            "50.000000": 216064,
            "60.000000": 232448,
            "70.000000": 692224,
            "80.000000": 1105920,
            "90.000000": 1499136,
            "95.000000": 1794048,
            "99.000000": 2211840,
            "99.500000": 2408448,
            "99.900000": 2605056,
            "99.950000": 2605056,
            "99.990000": 2637824
          }
        },
        "lat_ns": {
          "min": 175757,
          "max": 2625859,
          "mean": 573251.313019,
          "stddev": 570043.01507,
          "N": 32768
        },
        "bw_min": 1280,
        "bw_max": 7136,
        "bw_agg": 97.924807,
        "bw_mean": 6720.564103,
        "bw_dev": 906.537769,
        "bw_samples": 39,
        "iops_min": 320,
        "iops_max": 1784,
        "iops_mean": 1680.128205,
        "iops_stddev": 226.631184,
        "iops_samples": 39
      },
      "sync": {
        "total_ios": 0,
        "lat_ns": {
          "min": 0,
          "max": 0,
          "mean": 0.0,
          "stddev": 0.0,
          "N": 0
        }
      },
      "job_runtime": 24993,
      "usr_cpu": 1.828512,
      "sys_cpu": 15.46433,
      "ctx": 65535,
      "majf": 0,
      "minf": 942,
      "iodepth_level": {
        "1": 0.1,
        "2": 0.1,
        "4": 0.1,
        "8": 0.1,
        "16": 99.954224,
        "32": 0.0,
        ">=64": 0.0
      },
      "iodepth_submit": {
        "0": 0.0,
        "4": 100.0,
        "8": 0.0,
        "16": 0.0,
        "32": 0.0,
        "64": 0.0,
        ">=64": 0.0
      },
      "iodepth_complete": {
        "0": 0.0,
        "4": 99.997965,
        "8": 0.0,
        "16": 0.1,
        "32": 0.0,
        "64": 0.0,
        ">=64": 0.0
      },
      "latency_ns": {
        "2": 0.0,
        "4": 0.0,
        "10": 0.0,
        "20": 0.0,
        "50": 0.0,
        "100": 0.0,
        "250": 0.0,
        "500": 0.0,
        "750": 0.0,
        "1000": 0.0
      },
      "latency_us": {
        "2": 0.0,
        "4": 0.0,
        "10": 0.0,
        "20": 0.0,
        "50": 0.0,
        "100": 0.0,
        "250": 20.387777,
        "500": 2.154541,
        "750": 1.14034,
        "1000": 1.470947
      },
      "latency_ms": {
        "2": 7.218424,
        "4": 34.300741,
        "10": 26.902262,
        "20": 6.424967,
        "50": 0.0,
        "100": 0.0,
        "250": 0.0,
        "500": 0.0,
        "750": 0.0,
        "1000": 0.0,
        "2000": 0.0,
        ">=2000": 0.0
      },
      "latency_depth": 16,
      "latency_target": 0,
      "latency_percentile": 100.0,
      "latency_window": 0
    }
  ],
  "disk_util": [
    {
      "name": "nvme0n1",
      "read_ios": 32245,
      "write_ios": 32768,
      "read_sectors": 257960,
      "write_sectors": 262144,
      "read_merges": 0,
      "write_merges": 0,
      "read_ticks": 6630,
      "write_ticks": 53016,
      "in_queue": 78125,
      "util": 85.004202
    }
  ]
}
