{
  "fio version": "fio-3.38",
  "timestamp": 1778208141,
  "timestamp_ms": 1778208141197,
  "time": "Fri May  8 02:42:21 2026",
  "jobs": [
    {
      "jobname": "randrw_verify",
      "groupid": 0,
      "job_start": 1778208117301,
      "error": 0,
      "eta": 0,
      "elapsed": 25,
      "job options": {
        "name": "randrw_verify",
        "filename": "/dev/nvme0n1",
        "rw": "randrw",
        "rwmixread": "70",
        "bs": "4k",
        "direct": "1",
        "ioengine": "libaio",
        "iodepth": "16",
        "size": "256M",
        "io_size": "512M",
        "verify": "crc32c",
        "verify_fatal": "1",
        "verify_async": "2",
        "do_verify": "1",
        "randrepeat": "0"
      },
      "read": {
        "io_bytes": 536870912,
        "io_kbytes": 524288,
        "bw_bytes": 22730467,
        "bw": 22197,
        "iops": 5549.430543,
        "runtime": 23619,
        "total_ios": 131072,
        "short_ios": 0,
        "drop_ios": 0,
        "slat_ns": {
          "min": 583,
          "max": 891662,
          "mean": 14375.858665,
          "stddev": 48779.458293,
          "N": 131072
        },
        "clat_ns": {
          "min": 7626,
          "max": 14856411,
          "mean": 1994801.757721,
          "stddev": 1342360.691853,
          "N": 131072,
          "percentile": {
            "1.000000": 236544,
            "5.000000": 366592,
            "10.000000": 452608,
            "20.000000": 692224,
            "30.000000": 1089536,
            "40.000000": 1449984,
            "50.000000": 1974272,
            "60.000000": 2539520,
            "70.000000": 2670592,
            "80.000000": 2801664,
            "90.000000": 3031040,
            "95.000000": 4112384,
            "99.000000": 6848512,
            "99.500000": 7831552,
            "99.900000": 10158080,
            "99.950000": 10944512,
            "99.990000": 12124160
          }
        },
        "lat_ns": {
          "min": 166923,
          "max": 14857119,
          "mean": 2009177.616386,
          "stddev": 1341928.19948,
          "N": 131072
        },
        "bw_min": 2192,
        "bw_max": 23144,
        "bw_agg": 94.487174,
        "bw_mean": 20974.771429,
        "bw_dev": 4304.353351,
        "bw_samples": 35,
        "iops_min": 548,
        "iops_max": 5786,
        "iops_mean": 5243.685714,
        "iops_stddev": 1076.087159,
        "iops_samples": 35
      },
      "write": {
        "io_bytes": 160870400,
        "io_kbytes": 157100,
        "bw_bytes": 9712636,
        "bw": 9484,
        "iops": 2371.24917,
        "runtime": 16563,
        "total_ios": 39275,
        "short_ios": 0,
        "drop_ios": 0,
        "slat_ns": {
          "min": 1291,
          "max": 757573,
          "mean": 14132.061642,
          "stddev": 50826.872694,
          "N": 39275
        },
        "clat_ns": {
          "min": 807451,
          "max": 15195341,
          "mean": 2740694.455175,
          "stddev": 1528872.58285,
          "N": 39275,
          "percentile": {
            "1.000000": 1138688,
            "5.000000": 1302528,
            "10.000000": 1400832,
            "20.000000": 1581056,
            "30.000000": 1744896,
            "40.000000": 2007040,
            "50.000000": 2310144,
            "60.000000": 2605056,
            "70.000000": 2998272,
            "80.000000": 3620864,
            "90.000000": 4685824,
            "95.000000": 5865472,
            "99.000000": 8355840,
            "99.500000": 9371648,
            "99.900000": 11599872,
            "99.950000": 12648448,
            "99.990000": 14483456
          }
        },
        "lat_ns": {
          "min": 1088837,
          "max": 15201425,
          "mean": 2754826.516817,
          "stddev": 1526742.007141,
          "N": 39275
        },
        "bw_min": 1184,
        "bw_max": 9776,
        "bw_agg": 94.602042,
        "bw_mean": 8973.942857,
        "bw_dev": 1799.33383,
        "bw_samples": 35,
        "iops_min": 296,
        "iops_max": 2444,
        "iops_mean": 2243.485714,
        "iops_stddev": 449.833458,
        "iops_samples": 35
      },
      "trim": {
        "io_bytes": 0,
        "io_kbytes": 0,
        "bw_bytes": 0,
        "bw": 0,
        "iops": 0.0,
        "runtime": 0,
        "total_ios": 0,
        "short_ios": 0,
        "drop_ios": 0,
        "slat_ns": {
          "min": 0,
          "max": 0,
          "mean": 0.0,
          "stddev": 0.0,
          "N": 0
        },
        "clat_ns": {
          "min": 0,
          "max": 0,
          "mean": 0.0,
          "stddev": 0.0,
          "N": 0
        },
        "lat_ns": {
          "min": 0,
          "max": 0,
          "mean": 0.0,
          "stddev": 0.0,
          "N": 0
        },
        "bw_min": 0,
        "bw_max": 0,
        "bw_agg": 0.0,
        "bw_mean": 0.0,
        "bw_dev": 0.0,
        "bw_samples": 0,
        "iops_min": 0,
        "iops_max": 0,
        "iops_mean": 0.0,
        "iops_stddev": 0.0,
        "iops_samples": 0
      },
      "sync": {
        "total_ios": 0,
        "lat_ns": {
          "min": 0,
          "max": 0,
          "mean": 0.0,
          "stddev": 0.0,
          "N": 0
        }
      },
      "job_runtime": 23618,
      "usr_cpu": 5.402659,
      "sys_cpu": 33.42366,
      "ctx": 72802,
      "majf": 0,
      "minf": 1128,
      "iodepth_level": {
        "1": 0.1,
        "2": 0.1,
        "4": 0.1,
        "8": 0.1,
        "16": 99.964778,
        "32": 0.0,
        ">=64": 0.0
      },
      "iodepth_submit": {
        "0": 0.0,
        "4": 100.0,
        "8": 0.0,
        "16": 0.0,
        "32": 0.0,
        "64": 0.0,
        ">=64": 0.0
      },
      "iodepth_complete": {
        "0": 0.0,
        "4": 99.997651,
        "8": 0.0,
        "16": 0.1,
        "32": 0.0,
        "64": 0.0,
        ">=64": 0.0
      },
      "latency_ns": {
        "2": 0.0,
        "4": 0.0,
        "10": 0.0,
        "20": 0.0,
        "50": 0.0,
        "100": 0.0,
        "250": 0.0,
        "500": 0.0,
        "750": 0.0,
        "1000": 0.0
      },
      "latency_us": {
        "2": 0.0,
        "4": 0.0,
        "10": 0.01,
        "20": 0.046376,
        "50": 0.099209,
        "100": 0.01,
        "250": 0.706793,
        "500": 8.617117,
        "750": 7.211163,
        "1000": 4.881213
      },
      "latency_ms": {
        "2": 26.245839,
        "4": 44.520303,
        "10": 7.502921,
        "20": 0.1585,
        "50": 0.0,
        "100": 0.0,
        "250": 0.0,
        "500": 0.0,
        "750": 0.0,
        "1000": 0.0,
        "2000": 0.0,
        ">=2000": 0.0
      },
      "latency_depth": 16,
      "latency_target": 0,
      "latency_percentile": 100.0,
      "latency_window": 0
    }
  ],
  "disk_util": [
    {
      "name": "nvme0n1",
      "read_ios": 129828,
      "write_ios": 39275,
      "read_sectors": 1038624,
      "write_sectors": 314200,
      "read_merges": 0,
      "write_merges": 0,
      "read_ticks": 152833,
      "write_ticks": 103049,
      "in_queue": 255882,
      "util": 85.782435
    }
  ]
}
