{
  "fio version": "fio-3.38",
  "timestamp": 1778208161,
  "timestamp_ms": 1778208161288,
  "time": "Fri May  8 02:42:41 2026",
  "jobs": [
    {
      "jobname": "seqwrite_verify",
      "groupid": 0,
      "job_start": 1778208141768,
      "error": 0,
      "eta": 0,
      "elapsed": 20,
      "job options": {
        "name": "seqwrite_verify",
        "filename": "/dev/nvme0n1",
        "rw": "write",
        "bs": "128k",
        "direct": "1",
        "ioengine": "libaio",
        "iodepth": "16",
        "size": "256M",
        "io_size": "512M",
        "verify": "crc32c",
        "verify_fatal": "1",
        "verify_async": "2",
        "do_verify": "1"
      },
      "read": {
        "io_bytes": 268435456,
        "io_kbytes": 262144,
        "bw_bytes": 222398886,
        "bw": 217186,
        "iops": 1696.768848,
        "runtime": 1207,
        "total_ios": 2048,
        "short_ios": 0,
        "drop_ios": 0,
        "slat_ns": {
          "min": 2417,
          "max": 35460,
          "mean": 10092.437012,
          "stddev": 3439.304801,
          "N": 2048
        },
        "clat_ns": {
          "min": 7998958,
          "max": 10907871,
          "mean": 9350375.67334,
          "stddev": 747148.166524,
          "N": 2048,
          "percentile": {
            "1.000000": 8093696,
            "5.000000": 8224768,
            "10.000000": 8290304,
            "20.000000": 8585216,
            "30.000000": 8847360,
            "40.000000": 9109504,
            "50.000000": 9371648,
            "60.000000": 9633792,
            "70.000000": 9895936,
            "80.000000": 10158080,
            "90.000000": 10420224,
            "95.000000": 10551296,
            "99.000000": 10682368,
            "99.500000": 10682368,
            "99.900000": 10813440,
            "99.950000": 10813440,
            "99.990000": 10944512
          }
        },
        "lat_ns": {
          "min": 8009584,
          "max": 10914830,
          "mean": 9360468.110352,
          "stddev": 747209.572342,
          "N": 2048
        },
        "bw_min": 0,
        "bw_max": 0,
        "bw_agg": 0.0,
        "bw_mean": 0.0,
        "bw_dev": 0.0,
        "bw_samples": 0,
        "iops_min": 0,
        "iops_max": 0,
        "iops_mean": 0.0,
        "iops_stddev": 0.0,
        "iops_samples": 0
      },
      "write": {
        "io_bytes": 268435456,
        "io_kbytes": 262144,
        "bw_bytes": 14778432,
        "bw": 14432,
        "iops": 112.750495,
        "runtime": 18164,
        "total_ios": 2048,
        "short_ios": 0,
        "drop_ios": 0,
        "slat_ns": {
          "min": 24293,
          "max": 143756,
          "mean": 29950.758301,
          "stddev": 9276.432873,
          "N": 2048
        },
        "clat_ns": {
          "min": 140994249,
          "max": 143868077,
          "mean": 141866629.498535,
          "stddev": 395230.937851,
          "N": 2048,
          "percentile": {
            "1.000000": 141557760,
            "5.000000": 141557760,
            "10.000000": 141557760,
            "20.000000": 141557760,
            "30.000000": 141557760,
            "40.000000": 141557760,
            "50.000000": 141557760,
            "60.000000": 141557760,
            "70.000000": 141557760,
            "80.000000": 141557760,
            "90.000000": 141557760,
            "95.000000": 141557760,
            "99.000000": 143654912,
            "99.500000": 143654912,
            "99.900000": 143654912,
            "99.950000": 143654912,
            "99.990000": 143654912
          }
        },
        "lat_ns": {
          "min": 141025417,
          "max": 143897328,
          "mean": 141896580.256836,
          "stddev": 395879.955037,
          "N": 2048
        },
        "bw_min": 8192,
        "bw_max": 16384,
        "bw_agg": 98.14952,
        "bw_mean": 14165.324324,
        "bw_dev": 2287.548203,
        "bw_samples": 37,
        "iops_min": 64,
        "iops_max": 128,
        "iops_mean": 110.648649,
        "iops_stddev": 17.887327,
        "iops_samples": 37
      },
      "trim": {
        "io_bytes": 0,
        "io_kbytes": 0,
        "bw_bytes": 0,
        "bw": 0,
        "iops": 0.0,
        "runtime": 0,
        "total_ios": 0,
        "short_ios": 0,
        "drop_ios": 0,
        "slat_ns": {
          "min": 0,
          "max": 0,
          "mean": 0.0,
          "stddev": 0.0,
          "N": 0
        },
        "clat_ns": {
          "min": 0,
          "max": 0,
          "mean": 0.0,
          "stddev": 0.0,
          "N": 0
        },
        "lat_ns": {
          "min": 0,
          "max": 0,
          "mean": 0.0,
          "stddev": 0.0,
          "N": 0
        },
        "bw_min": 0,
        "bw_max": 0,
        "bw_agg": 0.0,
        "bw_mean": 0.0,
        "bw_dev": 0.0,
        "bw_samples": 0,
        "iops_min": 0,
        "iops_max": 0,
        "iops_mean": 0.0,
        "iops_stddev": 0.0,
        "iops_samples": 0
      },
      "sync": {
        "total_ios": 0,
        "lat_ns": {
          "min": 0,
          "max": 0,
          "mean": 0.0,
          "stddev": 0.0,
          "N": 0
        }
      },
      "job_runtime": 19370,
      "usr_cpu": 0.123903,
      "sys_cpu": 0.459473,
      "ctx": 2293,
      "majf": 0,
      "minf": 78,
      "iodepth_level": {
        "1": 0.1,
        "2": 0.1,
        "4": 0.195312,
        "8": 0.390625,
        "16": 99.267578,
        "32": 0.0,
        ">=64": 0.0
      },
      "iodepth_submit": {
        "0": 0.0,
        "4": 100.0,
        "8": 0.0,
        "16": 0.0,
        "32": 0.0,
        "64": 0.0,
        ">=64": 0.0
      },
      "iodepth_complete": {
        "0": 0.0,
        "4": 99.950836,
        "8": 0.0,
        "16": 0.1,
        "32": 0.0,
        "64": 0.0,
        ">=64": 0.0
      },
      "latency_ns": {
        "2": 0.0,
        "4": 0.0,
        "10": 0.0,
        "20": 0.0,
        "50": 0.0,
        "100": 0.0,
        "250": 0.0,
        "500": 0.0,
        "750": 0.0,
        "1000": 0.0
      },
      "latency_us": {
        "2": 0.0,
        "4": 0.0,
        "10": 0.0,
        "20": 0.0,
        "50": 0.0,
        "100": 0.0,
        "250": 0.0,
        "500": 0.0,
        "750": 0.0,
        "1000": 0.0
      },
      "latency_ms": {
        "2": 0.0,
        "4": 0.0,
        "10": 37.768555,
        "20": 12.231445,
        "50": 0.0,
        "100": 0.0,
        "250": 50.0,
        "500": 0.0,
        "750": 0.0,
        "1000": 0.0,
        "2000": 0.0,
        ">=2000": 0.0
      },
      "latency_depth": 16,
      "latency_target": 0,
      "latency_percentile": 100.0,
      "latency_window": 0
    }
  ],
  "disk_util": [
    {
      "name": "nvme0n1",
      "read_ios": 1696,
      "write_ios": 2048,
      "read_sectors": 434176,
      "write_sectors": 524288,
      "read_merges": 0,
      "write_merges": 0,
      "read_ticks": 14836,
      "write_ticks": 290019,
      "in_queue": 304855,
      "util": 99.148229
    }
  ]
}
